outlet,unified_category,headline
The Kathmandu Post,National & Society,Death toll from Bhotekoshi flood reaches 903
The Kathmandu Post,National & Society,A pilgrimage cut short: loved ones swept away
The Kathmandu Post,Interviews & Features,Anand Gandhi and Zain Memon on creating a mythology for the 21st century
The Kathmandu Post,Interviews & Features,"NDRRMA chief Dharmaraj Upreti on early warning system, survivor rescue and relief management"
The Kathmandu Post,National & Society,"In disaster aftermath, Nepal battles a flood of misinformation"
The Kathmandu Post,"Entertainment, Lifestyle & Culture",Gallery 108 launches 'Art for Relief'
myRepublica,Environment & Weather,Early warning must tell us what is happening in the mountains
myRepublica,National & Society,"Nepal flood death toll rises to 903, missing 4,247: disaster authority"
myRepublica,Politics & Government,"Coordination gap hampers flood rescue, relief works"
The Annapurna Express,Environment & Weather,What caused the Bhotekoshi flood?
The Annapurna Express,National & Society,"Bhotekoshi flash flood: 102 dead bodies brought to Pokhara for tests, identification"
myRepublica,National & Society,Search and rescue operations begin at Trishuli-3 'B' Project
myRepublica,National & Society,"Rasuwa flood: 734 bodies recovered, 2,498 still missing"
myRepublica,Politics & Government,"MP Ashika Tamang, ward chair clash over delay in flood relief distribution"
myRepublica,Politics & Government,PM Shah thanks Modi for India's support following Rasuwa flood
myRepublica,Sports,ACC Premier Cup: Nepal eyes title and 2027 Asia Cup spot
The Annapurna Express,National & Society,"Nepal reverses stance, accepts foreign rescue teams for Bhote Koshi floods"
The Annapurna Express,National & Society,"Bhotekoshi flood: Death toll climbs to 734; 2,699 rescued so far"
The Annapurna Express,World & Geopolitics,"China sends 50 tons of emergency relief supplies, tunnel rescue experts to Nepal"
The Annapurna Express,National & Society,"Bhotekoshi flash floods: 10,451 people rescued so far"
The Annapurna Express,National & Society,Controlled blast at Nepali hydropower tunnel as rescuers look for 900 missing workers
